{"_type":"export","__export_format":4,"__export_date":"2020-04-04T17:00:10.000Z","__export_source":"insomnia.desktop.app:v7.1.1","resources":[{"_id":"req_7a26e36a569148fe8f1f208b56c1f4d4","authentication":{},"body":{"mimeType":"application/json","text":"{\"type\":0,\"auth_id\":\"f00b4rboo1984\"}"},"created":1585784247185,"description":"","headers":[{"id":"pair_ca71ec05951446e0b62d4b48ef0bcb12","name":"Content-Type","value":"application/json"}],"isPrivate":false,"metaSortKey":-1585784247185,"method":"POST","modified":1585958955416,"name":"add sensor","parameters":[],"parentId":"fld_f7994692c4a04904a3193af5340c9375","settingDisableRenderRequestBody":false,"settingEncodeUrl":true,"settingFollowRedirects":"global","settingRebuildPath":true,"settingSendCookies":true,"settingStoreCookies":true,"url":"http://localhost:9001/sensors","_type":"request"},{"_id":"fld_f7994692c4a04904a3193af5340c9375","created":1585784232755,"description":"","environment":{},"environmentPropertyOrder":null,"metaSortKey":-1585784232755,"modified":1585784232755,"name":"sensors","parentId":"wrk_b17cb733b66647aaa0d42f74ad84d54d","_type":"request_group"},{"_id":"wrk_b17cb733b66647aaa0d42f74ad84d54d","created":1585771329448,"description":"","modified":1585771329448,"name":"OxymeterCv19Makers_Vitalox","parentId":null,"_type":"workspace"},{"_id":"req_1405f3888a094d78889ee17b20baaa20","authentication":{},"body":{"mimeType":"application/json","text":"{\"type\":0,\"auth_id\":\"f0booBar\"}"},"created":1585785833640,"description":"","headers":[{"id":"pair_ca71ec05951446e0b62d4b48ef0bcb12","name":"Content-Type","value":"application/json"}],"isPrivate":false,"metaSortKey":-1585781026887,"method":"PUT","modified":1586003266937,"name":"update sensor","parameters":[],"parentId":"fld_f7994692c4a04904a3193af5340c9375","settingDisableRenderRequestBody":false,"settingEncodeUrl":true,"settingFollowRedirects":"global","settingRebuildPath":true,"settingSendCookies":true,"settingStoreCookies":true,"url":"http://localhost:9001/sensors/1","_type":"request"},{"_id":"req_adf4634bcb4e4948bf9b8cc0b6f34541","authentication":{},"body":{},"created":1585786012760,"description":"","headers":[],"isPrivate":false,"metaSortKey":-1585779416738,"method":"GET","modified":1586010897755,"name":"list sensor","parameters":[{"description":"","disabled":false,"id":"pair_306a1f82de2548f19b376d3a8ab98523","name":"page","value":"2"}],"parentId":"fld_f7994692c4a04904a3193af5340c9375","settingDisableRenderRequestBody":false,"settingEncodeUrl":true,"settingFollowRedirects":"global","settingRebuildPath":true,"settingSendCookies":true,"settingStoreCookies":true,"url":"http://localhost:9001/sensors","_type":"request"},{"_id":"req_4c0ea268c0ff49f49130221d9b38426a","authentication":{},"body":{},"created":1585997558235,"description":"","headers":[],"isPrivate":false,"metaSortKey":-1585779014200.75,"method":"GET","modified":1585997567576,"name":"list sensor ng","parameters":[{"description":"","disabled":false,"id":"pair_020600aced2745bfba2d1fdaa9da7d00","name":"offset","value":"120"}],"parentId":"fld_f7994692c4a04904a3193af5340c9375","settingDisableRenderRequestBody":false,"settingEncodeUrl":true,"settingFollowRedirects":"global","settingRebuildPath":true,"settingSendCookies":true,"settingStoreCookies":true,"url":"http://81fc1262.ngrok.io/sensors","_type":"request"},{"_id":"req_6d955070f8e84f85826c57ba684674b4","authentication":{},"body":{},"created":1585876754151,"description":"","headers":[],"isPrivate":false,"metaSortKey":-1585778611663.5,"method":"GET","modified":1586003279924,"name":"getSensorById","parameters":[],"parentId":"fld_f7994692c4a04904a3193af5340c9375","settingDisableRenderRequestBody":false,"settingEncodeUrl":true,"settingFollowRedirects":"global","settingRebuildPath":true,"settingSendCookies":true,"settingStoreCookies":true,"url":"http://localhost:9001/sensors/1","_type":"request"},{"_id":"req_53907bba0491464aabd301e4b444c5de","authentication":{},"body":{},"created":1585785743167,"description":"","headers":[],"isPrivate":false,"metaSortKey":-1585777806589,"method":"DELETE","modified":1585871289694,"name":"delete sensor","parameters":[],"parentId":"fld_f7994692c4a04904a3193af5340c9375","settingDisableRenderRequestBody":false,"settingEncodeUrl":true,"settingFollowRedirects":"global","settingRebuildPath":true,"settingSendCookies":true,"settingStoreCookies":true,"url":"http://localhost:9001/sensors/24","_type":"request"},{"_id":"req_e672f15fd44f4625bae967ab92518cb8","authentication":{},"body":{"mimeType":"application/json","text":"{\"spo2\": 322, \"ppm\": 26, \"sequence\": \"1984\", \"batt\":\"23\", \"auth_id\": \"f00b4rboo1984\", \"id\": 1 }"},"created":1585771365993,"description":"","headers":[{"id":"pair_7df49bb26b0144c7bb1ee386e965e13b","name":"Content-Type","value":"application/json"}],"isPrivate":false,"metaSortKey":-1585771365993,"method":"POST","modified":1586007961776,"name":"Send Meassurement","parameters":[],"parentId":"wrk_b17cb733b66647aaa0d42f74ad84d54d","settingDisableRenderRequestBody":false,"settingEncodeUrl":true,"settingFollowRedirects":"global","settingRebuildPath":true,"settingSendCookies":true,"settingStoreCookies":true,"url":"http://localhost:9001/meassurement","_type":"request"},{"_id":"req_5e4665478f0c4fddbace0b5f1dc6b950","authentication":{},"body":{"mimeType":"application/json","text":"[{\"spo2\": 2, \"ppm\": 26, \"sequence\": \"1984\", \"batt\":\"23\", \"auth_id\": \"f00b4rboo1984\", \"id\": 1 },\n {\"spo2\": 22, \"ppm\": 25, \"sequence\": \"1985\", \"batt\":\"23\", \"auth_id\": \"f00b4rboo1984\", \"id\": 2 },\n {\"spo2\": 32, \"ppm\": 24, \"sequence\": \"1986\", \"batt\":\"23\", \"auth_id\": \"f00b4rboo198\", \"id\": 1 }]"},"created":1586004588811,"description":"","headers":[{"id":"pair_49cf141d2078450c92adb881b4eca1ca","name":"Content-Type","value":"application/json"}],"isPrivate":false,"metaSortKey":-1585648863591,"method":"POST","modified":1586014521871,"name":"Send Meassurement Array","parameters":[],"parentId":"wrk_b17cb733b66647aaa0d42f74ad84d54d","settingDisableRenderRequestBody":false,"settingEncodeUrl":true,"settingFollowRedirects":"global","settingRebuildPath":true,"settingSendCookies":true,"settingStoreCookies":true,"url":"http://localhost:9001/meassurement","_type":"request"},{"_id":"env_b6fbffd960e13eb3871d22cbd7ae0a7a308a7d34","color":null,"created":1585771329640,"data":{},"dataPropertyOrder":null,"isPrivate":false,"metaSortKey":1585771329640,"modified":1585771329640,"name":"Base Environment","parentId":"wrk_b17cb733b66647aaa0d42f74ad84d54d","_type":"environment"},{"_id":"jar_b6fbffd960e13eb3871d22cbd7ae0a7a308a7d34","cookies":[],"created":1585771329656,"modified":1585771329656,"name":"Default Jar","parentId":"wrk_b17cb733b66647aaa0d42f74ad84d54d","_type":"cookie_jar"}]}