{
    "keep": {
        "days": true,
        "amount": 14
    },
    "auditLog": "logs/.93c071318381720fd0d98bbeca9f33f42049b282-audit.json",
    "files": [
        {
            "date": 1585869787661,
            "name": "logs/oxi-open-0.0.1-2020-04-03-01.log",
            "hash": "cf767e441916419d467d52742b486fc3"
        },
        {
            "date": 1585872140554,
            "name": "logs/oxi-open-0.0.1-2020-04-03-02.log",
            "hash": "7187923ed51373392c4b1c62f93a9dcf"
        },
        {
            "date": 1585876102509,
            "name": "logs/oxi-open-0.0.1-2020-04-03-03.log",
            "hash": "ff94df05dbc494dfe2e07fe01d85954e"
        },
        {
            "date": 1585879405853,
            "name": "logs/oxi-open-0.0.1-2020-04-03-04.log",
            "hash": "ee1166b018acc00c7b5b83590e75844f"
        },
        {
            "date": 1585910187332,
            "name": "logs/oxi-open-0.0.1-2020-04-03-12.log",
            "hash": "aafb0f56c48333fa43103726e6d6624d"
        },
        {
            "date": 1585925551438,
            "name": "logs/oxi-open-0.0.1-2020-04-03-16.log",
            "hash": "9311eea55753472fa8dbc91151ccc51b"
        },
        {
            "date": 1585938745839,
            "name": "logs/oxi-open-0.0.1-2020-04-03-20.log",
            "hash": "bfdf2b63a32665194dd6b0c52a65e6fd"
        },
        {
            "date": 1585944663407,
            "name": "logs/oxi-open-0.0.1-2020-04-03-22.log",
            "hash": "aa4a75eed58c08997d6ee72ced956e69"
        },
        {
            "date": 1585947899424,
            "name": "logs/oxi-open-0.0.1-2020-04-03-23.log",
            "hash": "452f31360383d45aa6ecee97d0435484"
        },
        {
            "date": 1585951857655,
            "name": "logs/oxi-open-0.0.1-2020-04-04-00.log",
            "hash": "020c5c9c3ebaa8befc2521577cfeab05"
        },
        {
            "date": 1585954813796,
            "name": "logs/oxi-open-0.0.1-2020-04-04-01.log",
            "hash": "38cf3e67871890fb21a040073b0fe231"
        },
        {
            "date": 1585958436000,
            "name": "logs/oxi-open-0.0.1-2020-04-04-02.log",
            "hash": "0cd142a783ae025c8f4a745c7395b4c3"
        },
        {
            "date": 1585962206766,
            "name": "logs/oxi-open-0.0.1-2020-04-04-03.log",
            "hash": "4bd0fb97eae442246ea289143708dd22"
        },
        {
            "date": 1585965910387,
            "name": "logs/oxi-open-0.0.1-2020-04-04-04.log",
            "hash": "41c4b6770097f2a9db2f6817d9cba089"
        },
        {
            "date": 1585969216186,
            "name": "logs/oxi-open-0.0.1-2020-04-04-05.log",
            "hash": "2e0a9532fc1ba8fdce5aff82a969c52a"
        },
        {
            "date": 1585993884398,
            "name": "logs/oxi-open-0.0.1-2020-04-04-11.log",
            "hash": "efd1d5283988446fdeb9573c7905eb2e"
        },
        {
            "date": 1585994460861,
            "name": "logs/oxi-open-0.0.1-2020-04-04-12.log",
            "hash": "c5db7f4e43159b4c7d2e7b3e44bb4f37"
        },
        {
            "date": 1585998530556,
            "name": "logs/oxi-open-0.0.1-2020-04-04-13.log",
            "hash": "4aedf546b317d566452a89ea70eec75e"
        },
        {
            "date": 1586002170848,
            "name": "logs/oxi-open-0.0.1-2020-04-04-14.log",
            "hash": "dc63a17bb52d77e22c88cbb6f8387304"
        },
        {
            "date": 1586005232948,
            "name": "logs/oxi-open-0.0.1-2020-04-04-15.log",
            "hash": "09f403e4466c73f1cb5e75b764bf07de"
        },
        {
            "date": 1586008851220,
            "name": "logs/oxi-open-0.0.1-2020-04-04-16.log",
            "hash": "a6f2ba9b2f6d7de93cd697e2c699ee03"
        },
        {
            "date": 1586012447299,
            "name": "logs/oxi-open-0.0.1-2020-04-04-17.log",
            "hash": "c1bcac5ab05a7f450eb2ebb753712ef6"
        },
        {
            "date": 1586016975210,
            "name": "logs/oxi-open-0.0.1-2020-04-04-18.log",
            "hash": "913353acf055884ae171713d13f5781e"
        },
        {
            "date": 1586023738539,
            "name": "logs/oxi-open-0.0.1-2020-04-04-20.log",
            "hash": "16e303384a75629a11e87cc95dc45d36"
        },
        {
            "date": 1586027241823,
            "name": "logs/oxi-open-0.0.1-2020-04-04-21.log",
            "hash": "fe287dd556c5aa3bd61213b02afb39bb"
        },
        {
            "date": 1586031441655,
            "name": "logs/oxi-open-0.0.1-2020-04-04-22.log",
            "hash": "e5b23e72f4dbe9d6f475b0ae3d044872"
        },
        {
            "date": 1586034047921,
            "name": "logs/oxi-open-0.0.1-2020-04-04-23.log",
            "hash": "648abcad1ab526063a8209a1cbe41c56"
        }
    ]
}